-- Seed data for Walter's Kitchen menu
-- Run this AFTER schema.sql

-- Insert categories
INSERT INTO menu_categories (id, name, sort_order) VALUES
  ('11111111-1111-1111-1111-111111111101', 'Appetizers', 1),
  ('11111111-1111-1111-1111-111111111102', 'Salads & Soups', 2),
  ('11111111-1111-1111-1111-111111111103', 'Entrees', 3),
  ('11111111-1111-1111-1111-111111111104', 'Asian Favorites', 4),
  ('11111111-1111-1111-1111-111111111105', 'Steak & Fajitas', 5),
  ('11111111-1111-1111-1111-111111111106', 'Sushi', 6),
  ('11111111-1111-1111-1111-111111111107', 'Burgers & Sandwiches', 7),
  ('11111111-1111-1111-1111-111111111108', 'Kid''s Menu', 8),
  ('11111111-1111-1111-1111-111111111109', 'Beverages', 9),
  ('11111111-1111-1111-1111-111111111110', 'Desserts', 10)
ON CONFLICT DO NOTHING;

-- Appetizers
INSERT INTO menu_items (category_id, name, price, sort_order) VALUES
  ('11111111-1111-1111-1111-111111111101', 'Avocado Bombs', 12.55, 1),
  ('11111111-1111-1111-1111-111111111101', 'Chicken Lettuce Wrap', 10.04, 2),
  ('11111111-1111-1111-1111-111111111101', 'Chicken Nachos', 15.06, 3),
  ('11111111-1111-1111-1111-111111111101', 'Edamame', 7.52, 4),
  ('11111111-1111-1111-1111-111111111101', 'Fried Pickles', 8.78, 5),
  ('11111111-1111-1111-1111-111111111101', 'Guacamole', 12.55, 6),
  ('11111111-1111-1111-1111-111111111101', 'Potstickers', 10.04, 7),
  ('11111111-1111-1111-1111-111111111101', 'Quesadilla', 13.80, 8),
  ('11111111-1111-1111-1111-111111111101', 'Wings', 12.55, 9),
  ('11111111-1111-1111-1111-111111111101', 'Chips & Queso', 10.04, 10),
  ('11111111-1111-1111-1111-111111111101', 'Spring Rolls', 8.78, 11),
  ('11111111-1111-1111-1111-111111111101', 'Bacon Cheese Fries', 13.80, 12),
  ('11111111-1111-1111-1111-111111111101', 'Beef Nachos', 16.32, 13),
  ('11111111-1111-1111-1111-111111111101', 'Jalapeno Bombs', 12.55, 14);

-- Salads & Soups
INSERT INTO menu_items (category_id, name, price, sort_order) VALUES
  ('11111111-1111-1111-1111-111111111102', 'House Salad', 6.27, 1),
  ('11111111-1111-1111-1111-111111111102', 'Chicken Caesar Salad', 16.32, 2),
  ('11111111-1111-1111-1111-111111111102', 'Chicken Salad', 15.06, 3),
  ('11111111-1111-1111-1111-111111111102', 'Soup Of The Day - Cup', 5.01, 4),
  ('11111111-1111-1111-1111-111111111102', 'Soup Of The Day - Bowl', 7.52, 5),
  ('11111111-1111-1111-1111-111111111102', 'Chef Salad', 17.57, 6),
  ('11111111-1111-1111-1111-111111111102', 'Pecan Salad', 15.06, 7),
  ('11111111-1111-1111-1111-111111111102', 'Santa Fe Salad', 17.57, 8);

-- Entrees
INSERT INTO menu_items (category_id, name, price, sort_order) VALUES
  ('11111111-1111-1111-1111-111111111103', 'Country Fried Chicken', 16.26, 1),
  ('11111111-1111-1111-1111-111111111103', 'Moms Meatloaf', 17.52, 2),
  ('11111111-1111-1111-1111-111111111103', 'Duo Tilapia & Shrimp', 25.12, 3),
  ('11111111-1111-1111-1111-111111111103', 'Chicken Fried Brisket', 18.83, 4),
  ('11111111-1111-1111-1111-111111111103', 'Chicken Tenders', 15.06, 5),
  ('11111111-1111-1111-1111-111111111103', 'Fried Shrimp', 17.57, 6),
  ('11111111-1111-1111-1111-111111111103', 'Grilled Chicken', 17.57, 7),
  ('11111111-1111-1111-1111-111111111103', 'Grilled Salmon', 21.28, 8),
  ('11111111-1111-1111-1111-111111111103', 'Pork Chops', 21.28, 9),
  ('11111111-1111-1111-1111-111111111103', 'Salisbury Steak', 17.52, 10),
  ('11111111-1111-1111-1111-111111111103', 'Pot Roast', 17.57, 11),
  ('11111111-1111-1111-1111-111111111103', 'Grilled Shrimp', 17.57, 12),
  ('11111111-1111-1111-1111-111111111103', 'Tilapia', 18.77, 13);

-- Asian Favorites
INSERT INTO menu_items (category_id, name, price, sort_order) VALUES
  ('11111111-1111-1111-1111-111111111104', 'Fried Rice', 16.32, 1),
  ('11111111-1111-1111-1111-111111111104', 'Mongolian', 16.32, 2),
  ('11111111-1111-1111-1111-111111111104', 'Lo Mein', 16.32, 3),
  ('11111111-1111-1111-1111-111111111104', 'Orange Chicken', 16.32, 4),
  ('11111111-1111-1111-1111-111111111104', 'Sweet & Sour', 16.32, 5),
  ('11111111-1111-1111-1111-111111111104', 'Walters Special', 16.32, 6),
  ('11111111-1111-1111-1111-111111111104', 'Teriyaki Chicken', 16.32, 7),
  ('11111111-1111-1111-1111-111111111104', 'Honey Chicken', 16.32, 8),
  ('11111111-1111-1111-1111-111111111104', 'Broccoli & Meat', 16.32, 9),
  ('11111111-1111-1111-1111-111111111104', 'Kung Pao', 16.32, 10);

-- Steak & Fajitas
INSERT INTO menu_items (category_id, name, price, sort_order) VALUES
  ('11111111-1111-1111-1111-111111111105', '10oz New York Strip', 23.86, 1),
  ('11111111-1111-1111-1111-111111111105', 'Fajitas - Chicken', 23.86, 2),
  ('11111111-1111-1111-1111-111111111105', '10oz Ribeye', 23.86, 3),
  ('11111111-1111-1111-1111-111111111105', 'Fajitas - Beef', 23.86, 4);

-- Sushi
INSERT INTO menu_items (category_id, name, price, sort_order) VALUES
  ('11111111-1111-1111-1111-111111111106', 'California Roll', 10.04, 1),
  ('11111111-1111-1111-1111-111111111106', 'Spicy Tuna Roll', 11.29, 2),
  ('11111111-1111-1111-1111-111111111106', 'Shrimp Tempura Roll', 17.57, 3),
  ('11111111-1111-1111-1111-111111111106', 'Poke Bowl', 20.08, 4),
  ('11111111-1111-1111-1111-111111111106', 'Teriyaki Bento Box', 16.32, 5);

-- Burgers & Sandwiches
INSERT INTO menu_items (category_id, name, price, sort_order) VALUES
  ('11111111-1111-1111-1111-111111111107', 'Cheeseburger', 16.32, 1),
  ('11111111-1111-1111-1111-111111111107', 'Chicken Wrap', 13.80, 2),
  ('11111111-1111-1111-1111-111111111107', 'Classic Burger', 15.06, 3),
  ('11111111-1111-1111-1111-111111111107', 'House Club Sandwich', 20.08, 4),
  ('11111111-1111-1111-1111-111111111107', 'Turkey Sandwich', 16.32, 5),
  ('11111111-1111-1111-1111-111111111107', 'Grilled Chicken Sandwich', 16.32, 6),
  ('11111111-1111-1111-1111-111111111107', 'Cheese Bacon Burger', 18.83, 7),
  ('11111111-1111-1111-1111-111111111107', 'Fried Chicken Sandwich', 16.32, 8),
  ('11111111-1111-1111-1111-111111111107', 'Patty Melt', 16.32, 9);

-- Kid's Menu
INSERT INTO menu_items (category_id, name, price, sort_order) VALUES
  ('11111111-1111-1111-1111-111111111108', 'Teriyaki Chicken', 8.78, 1),
  ('11111111-1111-1111-1111-111111111108', 'Chicken Tenders', 8.78, 2),
  ('11111111-1111-1111-1111-111111111108', 'Cheese Quesadilla', 8.78, 3),
  ('11111111-1111-1111-1111-111111111108', 'JR. Cheese Burger', 8.78, 4);

-- Beverages
INSERT INTO menu_items (category_id, name, price, sort_order) VALUES
  ('11111111-1111-1111-1111-111111111109', 'Sweet Iced Tea', 3.76, 1),
  ('11111111-1111-1111-1111-111111111109', 'Arnold Palmer', 3.76, 2),
  ('11111111-1111-1111-1111-111111111109', 'Coke', 3.76, 3),
  ('11111111-1111-1111-1111-111111111109', 'Dr. Pepper', 3.76, 4),
  ('11111111-1111-1111-1111-111111111109', 'Lemonade', 3.76, 5),
  ('11111111-1111-1111-1111-111111111109', 'Peach Tea', 5.01, 6),
  ('11111111-1111-1111-1111-111111111109', 'Sprite', 3.76, 7),
  ('11111111-1111-1111-1111-111111111109', 'Strawberry Tea', 5.01, 8),
  ('11111111-1111-1111-1111-111111111109', 'Chocolate Milk', 5.01, 9),
  ('11111111-1111-1111-1111-111111111109', 'Coffee', 3.76, 10),
  ('11111111-1111-1111-1111-111111111109', 'Hot Tea', 3.76, 11),
  ('11111111-1111-1111-1111-111111111109', 'Mango Tea', 5.01, 12),
  ('11111111-1111-1111-1111-111111111109', 'Milk', 5.01, 13),
  ('11111111-1111-1111-1111-111111111109', 'Bottled Water', 3.76, 14),
  ('11111111-1111-1111-1111-111111111109', 'Diet Coke', 3.76, 15),
  ('11111111-1111-1111-1111-111111111109', 'Unsweetened Iced Tea', 3.76, 16);

-- Desserts
INSERT INTO menu_items (category_id, name, price, sort_order) VALUES
  ('11111111-1111-1111-1111-111111111110', 'Peach Cobbler', 6.27, 1),
  ('11111111-1111-1111-1111-111111111110', 'Apple Caramel Pie', 8.78, 2),
  ('11111111-1111-1111-1111-111111111110', 'Molten Chocolate Cake', 8.78, 3),
  ('11111111-1111-1111-1111-111111111110', 'Red Velvet Cake', 8.78, 4),
  ('11111111-1111-1111-1111-111111111110', 'Vanilla Ice Cream', 2.50, 5);

-- Initialize default kiosk settings
INSERT INTO kiosk_settings (setting_key, setting_value) VALUES
  ('kiosk_fee', '3.00'),
  ('tax_rate', '0.0825'),
  ('stripe_connected_account_id', NULL)
ON CONFLICT (setting_key) DO NOTHING;
